{
    "niter": {
        "richardson": {
            "jacobi": [
                350,
                662,
                1285,
                2446,
                4572,
                8966,
                18561,
                36188
            ],
            "ilu": [
                -1,
                -1,
                -1,
                -1,
                -1,
                -1,
                -1,
                -1
            ],
            "gamg": [
                10,
                9,
                9,
                10,
                12,
                12,
                12,
                13
            ]
        },
        "cg": {
            "jacobi": [
                9,
                17,
                33,
                65,
                129,
                253,
                375,
                521
            ],
            "ilu": [
                -1,
                -1,
                -1,
                -1,
                -1,
                -1,
                -1,
                -1
            ],
            "gamg": [
                5,
                5,
                5,
                5,
                6,
                6,
                6,
                6
            ]
        },
        "gmres": {
            "jacobi": [
                9,
                17,
                66,
                136,
                224,
                365,
                660,
                1239
            ],
            "ilu": [
                15,
                23,
                41,
                82,
                204,
                596,
                1163,
                -1
            ],
            "gamg": [
                5,
                5,
                5,
                5,
                6,
                5,
                6,
                6
            ]
        }
    },
    "tsolve": {
        "richardson": {
            "jacobi": [
                9.12e-05,
                0.000174,
                0.000364,
                0.00101,
                0.00324,
                0.0194,
                0.0688,
                0.239
            ],
            "ilu": [
                9.07e-05,
                9.05e-05,
                9.35e-05,
                0.000118,
                0.000109,
                0.00014,
                0.000187,
                0.000281
            ],
            "gamg": [
                0.000462,
                0.000479,
                0.000506,
                0.000556,
                0.000869,
                0.0013,
                0.00191,
                0.00322
            ]
        },
        "cg": {
            "jacobi": [
                3.73e-05,
                4.2e-05,
                5.03e-05,
                7.46e-05,
                0.000154,
                0.000769,
                0.00225,
                0.00581
            ],
            "ilu": [
                0.0362,
                0.0448,
                0.0742,
                0.132,
                0.265,
                0.813,
                1.53,
                2.55
            ],
            "gamg": [
                0.000525,
                0.00055,
                0.000499,
                0.000572,
                0.000857,
                0.00129,
                0.00192,
                0.00296
            ]
        },
        "gmres": {
            "jacobi": [
                7.86e-05,
                0.000101,
                0.000145,
                0.000261,
                0.000628,
                0.00226,
                0.00785,
                0.0302
            ],
            "ilu": [
                0.000128,
                0.000144,
                0.000179,
                0.000309,
                0.000962,
                0.00648,
                0.0239,
                4.04
            ],
            "gamg": [
                0.000468,
                0.000486,
                0.000499,
                0.000556,
                0.000849,
                0.00142,
                0.00177,
                0.00296
            ]
        }
    }
}